{
    "video": {
        "info": {
            "info_simple": {
                "url": "https://api.bilibili.com/x/web-interface/archive/stat",
                "method": "GET",
                "verify": false,
                "params": {
                    "aid": "av号"
                },
                "comment": "视频简易信息"
            },
            "info_detail": {
                "url": "https://api.bilibili.com/x/web-interface/view",
                "method": "GET",
                "verify": false,
                "params": {
                    "aid": "av号"
                },
                "comment": "视频详细信息"
            },
            "danmaku": {
                "url": "https://api.bilibili.com/x/v1/dm/list.so",
                "method": "GET",
                "verify": false,
                "params": {
                    "oid": "video_info中的cid，即分P的编号"
                },
                "comment": "弹幕列表"
            },
            "history_danmaku": {
                "url": "https://api.bilibili.com/x/v2/dm/history",
                "method": "GET",
                "verify": false,
                "params": {
                    "oid": "分P的编号",
                    "type": "1",
                    "date": "日期 (yyyy-mm-dd)"
                },
                "comment": "历史弹幕列表"
            },
            "history_danmaku_index": {
                "url": "https://api.bilibili.com/x/v2/dm/history/index",
                "method": "GET",
                "verify": true,
                "params": {
                    "oid": "分P的编号",
                    "type": "1",
                    "month": "年月 (yyyy-mm)"
                },
                "comment": "存在历史弹幕的日期"
            },
            "tags": {
                "url": "https://api.bilibili.com/x/tag/archive/tags",
                "method": "GET",
                "verify": true,
                "params": {
                    "aid": "av号"
                },
                "comment": "视频标签信息"
            },
            "charge": {
                "url": "https://api.bilibili.com/x/web-interface/elec/show",
                "method": "GET",
                "verify": false,
                "params": {
                    "aid": "av号",
                    "mid": "用户UID"
                },
                "comment": "视频充电信息"
            },
            "pages": {
                "url": "https://api.bilibili.com/x/player/pagelist",
                "method": "GET",
                "verify": false,
                "params": {
                    "aid": "av号"
                },
                "comment": "分P列表"
            },
            "playurl": {
                "url": "https://api.bilibili.com/x/player/playurl",
                "method": "GET",
                "verify": false,
                "params": {
                    "avid": "av号",
                    "cid": "分P编号",
                    "qn": 112
                },
                "comment": "视频下载的信息，下载链接需要提供headers伪装浏览器请求（Referer和User-Agent）"
            },
            "related": {
                "url": "https://api.bilibili.com/x/web-interface/archive/related",
                "method": "GET",
                "verify": false,
                "params": {
                    "aid": "av号"
                },
                "comment": "获取关联视频"
            },
            "comments": {
                "url": "https://api.bilibili.com/x/v2/reply",
                "method": "GET",
                "verify": false,
                "params": {
                    "pn": "页码",
                    "type": "1",
                    "oid": "av号",
                    "sort": "排序依据（0按热度，2按时间）"
                },
                "comment": "获取评论"
            },
            "is_liked": {
                "url": "https://api.bilibili.com/x/web-interface/archive/has/like",
                "method": "GET",
                "verify": true,
                "params": {
                    "aid": "av号"
                },
                "comment": "是否已点赞"
            },
            "is_coins": {
                "url": "https://api.bilibili.com/x/web-interface/archive/coins",
                "method": "GET",
                "verify": true,
                "params": {
                    "aid": "av号"
                },
                "comment": "是否已投币 "
            },
            "is_favoured": {
                "url": "https://api.bilibili.com/x/v2/fav/video/favoured",
                "method": "GET",
                "verify": true,
                "params": {
                    "aid": "av号"
                },
                "comment": "是否已收藏"
            },
            "get_media_list": {
                "url": "https://api.bilibili.com/medialist/gateway/base/created",
                "method": "GET",
                "verify": true,
                "params": {
                    "rid": "av号",
                    "up_mid": "up的uid",
                    "type": "2",
                    "ps": 100,
                    "pn": "页码，1即可"
                },
                "comment": "获取收藏夹列表信息，用于收藏操作"
            }
        },
        "operate": {
            "like": {
                "url": "https://api.bilibili.com/x/web-interface/archive/like",
                "method": "POST",
                "verify": true,
                "data": {
                    "aid": "av号",
                    "like": "1是点赞，2是取消点赞"
                },
                "comment": "给视频点赞/取消点赞 "
            },
            "coin": {
                "url": "https://api.bilibili.com/x/web-interface/coin/add",
                "method": "POST",
                "verify": true,
                "data": {
                    "aid": "av号",
                    "multiply": "几个币",
                    "select_like": "同时点赞（1是0否）"
                },
                "comment": "给视频投币"
            },
            "favorite": {
                "url": "https://api.bilibili.com/medialist/gateway/coll/resource/deal",
                "method": "POST",
                "verify": true,
                "data": {
                    "rid": "av号",
                    "type": "2",
                    "add_media_ids": "添加收藏（多个收藏夹时半角逗号分隔）",
                    "del_media_ids": "移除收藏（多个收藏夹时半角逗号分隔）"
                },
                "comment": "收藏夹修改"
            },
            "send_comment": {
                "url": "https://api.bilibili.com/x/v2/reply/add",
                "method": "POST",
                "verify": true,
                "data": {
                    "oid": "av号",
                    "type": "1",
                    "message": "评论内容",
                    "plat": "1"
                },
                "comment": "发送评论"
            },
            "like_comment": {
                "url": "https://api.bilibili.com/x/v2/reply/action",
                "method": "POST",
                "verify": true,
                "data": {
                    "oid": "av号",
                    "type": "1",
                    "action": "1点赞0取消点赞",
                    "rpid": "评论编号"
                },
                "comment": "点赞/取消点赞评论"
            },
            "hate_comment": {
                "url": "https://api.bilibili.com/x/v2/reply/hate",
                "method": "POST",
                "verify": true,
                "data": {
                    "oid": "av号",
                    "type": "1",
                    "action": "1踩0取消踩",
                    "rpid": "评论编号"
                },
                "comment": "踩/取消踩评论"
            },
            "top_comment": {
                "url": "https://api.bilibili.com/x/v2/reply/top",
                "method": "POST",
                "verify": true,
                "data": {
                    "oid": "av号",
                    "type": "1",
                    "action": "1置顶0取消置顶",
                    "rpid": "评论编号"
                },
                "comment": "置顶/取消置顶评论"
            },
            "del_comment": {
                "url": "https://api.bilibili.com/x/v2/reply/del",
                "method": "POST",
                "verify": true,
                "data": {
                    "oid": "av号",
                    "type": "1",
                    "rpid": "评论编号"
                },
                "comment": "删除评论"
            },
            "send_danmaku": {
                "url": "https://api.bilibili.com/x/v2/dm/post",
                "method": "POST",
                "verify": true,
                "data": {
                    "type": "1",
                    "oid": "分P编号",
                    "msg": "弹幕内容",
                    "aid": "av号",
                    "bvid": "空",
                    "progress": "发送时间（毫秒）",
                    "color": "颜色（十六进制转十进制）",
                    "fontsize": "字体大小（小18普通25大36）",
                    "pool": "字幕弹幕（1是0否）",
                    "mode": "模式（滚动1顶部5底部4）",
                    "plat": "1"
                },
                "comment": "发送弹幕"
            },
            "add_tag": {
                "url": "https://api.bilibili.com/x/tag/archive/add",
                "method": "POST",
                "verify": true,
                "data": {
                    "aid": "av号",
                    "tag_name": "标签名"
                },
                "comment": "添加标签"
            },
            "del_tag": {
                "url": "https://api.bilibili.com/x/tag/archive/del",
                "method": "POST",
                "verify": true,
                "data": {
                    "aid": "av号",
                    "tag_id": "标签id"
                },
                "comment": "删除标签"
            },
            "like_tag": {
                "url": "https://api.bilibili.com/x/tag/archive/like2",
                "method": "POST",
                "verify": true,
                "data": {
                    "aid": "av号",
                    "tag_id": "标签id"
                },
                "comment": "切换标签点赞状态"
            },
            "hate_tag": {
                "url": "https://api.bilibili.com/x/tag/archive/hate2",
                "method": "POST",
                "verify": true,
                "data": {
                    "aid": "av号",
                    "tag_id": "标签id"
                },
                "comment": "切换标签踩状态"
            },
            "subscribe_tag": {
                "url": "https://api.bilibili.com/x/tag/subscribe/add",
                "method": "POST",
                "verify": true,
                "data": {
                    "tag_id": "标签id"
                },
                "comment": "订阅标签"
            },
            "unsubscribe_tag": {
                "url": "https://api.bilibili.com/x/tag/subscribe/cancel",
                "method": "POST",
                "verify": true,
                "data": {
                    "tag_id": "标签id"
                },
                "comment": "取消订阅标签"
            }
        }
    },
    "dynamic": {
        "send": {
            "upload_img": {
                "url": "https://api.vc.bilibili.com/api/v1/drawImage/upload",
                "method": "POST",
                "verify": true,
                "data": {
                    "biz": "draw",
                    "category": "daily"
                },
                "files": {
                    "file_up": "二进制img"
                },
                "comment": "上传图片"
            },
            "schedule": {
                "url": "https://api.vc.bilibili.com/dynamic_draft/v1/dynamic_draft/add_draft",
                "method": "POST",
                "verify": true,
                "data": {
                    "type": "4为有图动态，2为无图动态",
                    "publish_time": "发布时间戳",
                    "request(type=4)": "见 instant_dynamic_draw.data，无setting",
                    "request(type=2)": "见 instant_dynamic.data"
                },
                "comment": "发布定时动态"
            },
            "instant_draw": {
                "url": "https://api.vc.bilibili.com/dynamic_svr/v1/dynamic_svr/create_draw",
                "method": "POST",
                "verify": true,
                "data": {
                    "biz": 3,
                    "category": 3,
                    "type": 0,
                    "pictures": [
                        {
                            "img_src": "图片地址",
                            "img_width": "图片宽度",
                            "img_height": "图片高度"
                        }
                    ],
                    "title": "",
                    "tags": "",
                    "description": "动态文字内容",
                    "content": "动态文字内容",
                    "from": "create.dynamic.web",
                    "extension": "{'emoji_type':1}",
                    "at_uids": "艾特用户UID列表，半角逗号分隔",
                    "at_control": [
                        {
                            "location": "@符号起始位置，0为第一个字符",
                            "type": 1,
                            "length": "@区域长度（2 + 用户名字符串长度）",
                            "data": "用户UID"
                        }
                    ],
                    "setting": {
                        "copy_forbidden": 0,
                        "cachedTime": 0
                    }
                }
            },
            "instant_text": {
                "url": "https://api.vc.bilibili.com/dynamic_svr/v1/dynamic_svr/create",
                "method": "POST",
                "verify": true,
                "data": {
                    "dynamic_id": 0,
                    "type": 4,
                    "rid": 0,
                    "content": "动态文本内容",
                    "extension": "{\"emoji_type\":1}",
                    "at_uids": "艾特用户UID列表，半角逗号分隔",
                    "ctrl": [
                        {
                            "location": "@符号起始位置，0为第一个字符",
                            "type": 1,
                            "length": "@区域长度（2 + 用户名字符串长度）",
                            "data": "用户UID"
                        }
                    ]
                }
            }
        },
        "operate": {
            "delete": {
                "url": "https://api.vc.bilibili.com/dynamic_svr/v1/dynamic_svr/rm_dynamic",
                "method": "POST",
                "verify": true,
                "data": {
                    "dynamic_id": "动态ID"
                },
                "comment": "删除动态"
            },
            "like": {
                "url": "https://api.vc.bilibili.com/dynamic_like/v1/dynamic_like/thumb",
                "method": "POST",
                "verify": true,
                "data": {
                    "dynamic_id": "动态ID",
                    "up": "1点赞2取消",
                    "uid": "自己uid"
                },
                "comment": "点赞"
            },
            "reply": {
                "url": "https://api.bilibili.com/x/v2/reply/add",
                "method": "POST",
                "verify": true,
                "data": {
                    "oid": "画册ID或动态ID",
                    "type": "11画册17文字",
                    "message": "内容",
                    "plat": 1
                },
                "comment": "回复"
            },
            "repost": {
                "url": "https://api.vc.bilibili.com/dynamic_repost/v1/dynamic_repost/repost",
                "method": "POST",
                "verify": true,
                "data": {
                    "dynamic_id": "动态ID",
                    "content": "内容",
                    "extension": "{\"emoji_type\":1}"
                },
                "comment": "转发"
            }
        },
        "info": {
            "repost": {
                "url": "https://api.vc.bilibili.com/dynamic_repost/v1/dynamic_repost/repost_detail",
                "method": "GET",
                "verify": false,
                "params": {
                    "dynamic_id": "动态ID",
                    "offset": "每页第一条动态ID"
                },
                "comment": "动态转发信息，最多获取560条"
            },
            "detail": {
                "url": "https://api.vc.bilibili.com/dynamic_svr/v1/dynamic_svr/get_dynamic_detail",
                "method": "GET",
                "verify": false,
                "params": {
                    "dynamic_id": "动态ID"
                },
                "comment": "动态详细信息"
            },
            "reply": {
                "url": "https://api.bilibili.com/x/v2/reply",
                "method": "GET",
                "verify": false,
                "params": {
                    "pn": "页码",
                    "type": "11画册17文字",
                    "oid": "画册id或动态id",
                    "sort": "2按热度0按时间"
                },
                "comment": "动态评论"
            }
        }
    },
    "user": {
        "info": {
            "my_info": {
                "url": "https://api.bilibili.com/x/space/myinfo",
                "method": "GET",
                "verify": true,
                "comment": "获取自己的信息"
            },
            "info": {
                "url": "https://api.bilibili.com/x/space/acc/info",
                "method": "GET",
                "verify": false,
                "params": {
                    "mid": "uid"
                },
                "comment": "用户基本信息"
            },
            "stat": {
                "url": "https://api.bilibili.com/x/relation/stat",
                "method": "GET",
                "verify": false,
                "params": {
                    "vmid": "uid"
                },
                "comment": "关注数，粉丝数"
            },
            "live": {
                "url": "https://api.live.bilibili.com/room/v1/Room/getRoomInfoOld",
                "method": "GET",
                "verify": false,
                "params": {
                    "mid": "uid"
                },
                "comment": "直播间基本信息"
            },
            "video": {
                "url": "https://api.bilibili.com/x/space/arc/search",
                "method": "GET",
                "verify": false,
                "params": {
                    "mid": "uid",
                    "ps": 30,
                    "tid": 0,
                    "pn": "页码",
                    "keyword": "关键词，可为空",
                    "order": "pubdate上传日期，click播放量，stow收藏量"
                },
                "comment": "搜索用户视频"
            },
            "audio": {
                "url": "https://api.bilibili.com/audio/music-service/web/song/upper",
                "method": "GET",
                "verify": false,
                "params": {
                    "uid": "uid",
                    "ps": 30,
                    "pn": "页码",
                    "order": "1最新发布，2最多播放，3最多收藏"
                },
                "comment": "音频"
            },
            "article": {
                "url": "https://api.bilibili.com/x/space/article",
                "method": "GET",
                "verify": false,
                "params": {
                    "mid": "uid",
                    "ps": 30,
                    "pn": "页码",
                    "sort": "publish_time最新发布，view最多阅读，fav最多收藏"
                },
                "comment": "专栏"
            },
            "article_lists": {
                "url": "https://api.bilibili.com/x/article/up/lists",
                "method": "GET",
                "verify": false,
                "params": {
                    "mid": "uid",
                    "sort": "0最近更新，1最多阅读"
                },
                "comment": "专栏文集"
            },
            "dynamic": {
                "url": "https://api.vc.bilibili.com/dynamic_svr/v1/dynamic_svr/space_history",
                "method": "GET",
                "verify": false,
                "params": {
                    "host_uid": "uid",
                    "offset_dynamic_id": "动态偏移用，第一页为0",
                    "need_top": "显示置顶动态"
                },
                "comment": "用户动态信息"
            },
            "bangumi": {
                "url": "https://api.bilibili.com/x/space/bangumi/follow/list",
                "method": "GET",
                "verify": false,
                "params": {
                    "vmid": "uid",
                    "pn": "页码",
                    "ps": 15,
                    "type": "1追番，2追剧"
                },
                "comment": "用户追番列表"
            },
            "media_list": {
                "url": "https://api.bilibili.com/medialist/gateway/base/created",
                "method": "GET",
                "verify": true,
                "params": {
                    "up_mid": "用户uid",
                    "ps": 100,
                    "pn": "页码",
                    "is_space": 0
                },
                "comment": "获取收藏夹列表信息"
            },
            "media_list_content": {
                "url": "https://api.bilibili.com/medialist/gateway/base/spaceDetail",
                "method": "GET",
                "verify": true,
                "params": {
                    "media_id": "收藏夹id",
                    "ps": 20,
                    "pn": "页码",
                    "keyword": "搜索关键词",
                    "order": "排序依据。mtime最近收藏，view最多播放，pubtime最新投稿",
                    "type": 0,
                    "tid": "分区ID，0为全部"
                },
                "comment": "获取收藏夹内容"
            }
        },
        "operate": {
            "modify": {
                "url": "https://api.bilibili.com/x/relation/modify",
                "method": "POST",
                "verify": true,
                "data": {
                    "fid": "UID",
                    "act": "1关注2取关 5拉黑6取消拉黑",
                    "re_src": 11
                },
                "comment": "用户关系操作"
            },
            "send_msg": {
                "url": "https://api.vc.bilibili.com/web_im/v1/web_im/send_msg",
                "method": "POST",
                "verify": true,
                "data": {
                    "msg[sender_uid]": "自己的UID",
                    "msg[receiver_id]": "对方UID",
                    "msg[receiver_type]": 1,
                    "msg[msg_type]": 1,
                    "msg[msg_status]": 0,
                    "msg[content]": {
                        "content": "文本内容"
                    }
                },
                "comment": "给用户发信息"
            }
        }
    },
    "other": {
        "online": {
            "url": "https://api.bilibili.com/x/web-interface/online",
            "method": "GET",
            "verify": false,
            "comment": "获取在线人数"
        }
    },
    "bangumi": {
        "bangumi_info":{
            "url": "https://api.bilibili.com/pgc/review/user",
            "method": "GET",
            "verify": false,
            "params": {
                "media_id": "番剧的media_id"
            },
            "comment": "获取番剧信息"
        },
        "bangumi_list":{
            "url":"https://api.bilibili.com/pgc/web/season/section",
            "method": "GET",
            "verify": false,
            "params": {
                "season_id": "番剧的season_id"
            },
            "comment": "获取番剧剧集列表"
        },
        "bangumi_status":{
            "url":"https://api.bilibili.com/pgc/web/season/stat",
            "method": "GET",
            "verify": false,
            "params": {
                "season_id": "番剧的season_id"
            },
            "comment": "获取番剧播放量，追番等信息"
        }
    }
}